-0.12267068773508072,0.045195430517196655,0.029279202222824097,-0.08217579126358032,-0.08033750206232071,-0.10907071083784103,-0.0434824600815773,-0.15356142818927765,0.15563280880451202,-0.11308640241622925,0.28271234035491943,-0.052691500633955,-0.24055592715740204,-0.19927649199962616,-0.022794034332036972,0.169392392039299,-0.2226782739162445,-0.10600737482309341,-0.059932999312877655,-0.03242280334234238,0.02824028767645359,-0.02963477559387684,0.07981576770544052,0.05629519373178482,-0.025075051933526993,-0.41594117879867554,-0.08635550737380981,-0.11724211275577545,0.06663751602172852,-0.026888467371463776,-0.09826043248176575,-0.01509789563715458,-0.2665659189224243,-0.13486722111701965,-0.03723707050085068,0.050106048583984375,0.03163481131196022,-0.045237213373184204,0.15799370408058167,0.021616876125335693,-0.19018670916557312,-0.03386664390563965,-0.016416829079389572,0.18196795880794525,0.16669805347919464,0.08359093964099884,0.04994434863328934,-0.14331424236297607,0.1362687051296234,-0.16799591481685638,0.0442298948764801,0.08878214657306671,0.09882533550262451,-0.03019058145582676,-0.01690642721951008,-0.1989331692457199,-0.009830471128225327,0.11597958207130432,-0.16451092064380646,0.034299369901418686,0.05829621106386185,-0.049198441207408905,-0.054241959005594254,-0.02469814568758011,0.2719120979309082,0.09188134223222733,-0.08966563642024994,-0.1378011852502823,0.18197479844093323,-0.12244931608438492,0.006918559782207012,0.029971498996019363,-0.13039234280586243,-0.1794826090335846,-0.32289549708366394,0.052581124007701874,0.36391395330429077,0.07756263762712479,-0.1838817447423935,-0.021493958309292793,-0.1463344246149063,0.03141564875841141,0.15042205154895782,0.09553699195384979,-0.03671032190322876,0.049153175204992294,-0.14917807281017303,-0.008087044581770897,0.16534006595611572,-0.07812117040157318,-0.017811555415391922,0.2462867647409439,-0.019801659509539604,0.13972878456115723,0.024840936064720154,0.0140800466760993,-0.09249848127365112,0.06827113032341003,-0.13428036868572235,0.031629547476768494,0.09344298392534256,-0.02956780605018139,0.019967857748270035,0.06001075729727745,-0.11520455777645111,0.0006505935452878475,0.0008088054601103067,-0.004844883922487497,0.013449294492602348,-0.04896942153573036,-0.0819985568523407,-0.1514820158481598,0.09504616260528564,-0.1960221230983734,0.24660947918891907,0.23080354928970337,0.07285347580909729,0.18801087141036987,0.10107562690973282,0.05395432934165001,0.001844207290560007,-0.05880574882030487,-0.16537541151046753,0.011366164311766624,0.10675172507762909,-0.015540877357125282,0.07316377758979797,0.002572882454842329
-0.09302476793527603,0.03441281244158745,0.0661562979221344,-0.024484172463417053,-0.001523724407888949,-0.08511582016944885,-0.05889863520860672,-0.12349118292331696,0.12650981545448303,-0.10537565499544144,0.2917802929878235,-0.03004162572324276,-0.16710428893566132,-0.10973244905471802,-0.01793762668967247,0.20220743119716644,-0.1992769092321396,-0.12949557602405548,-0.10309915244579315,-0.04866785556077957,0.05035679042339325,-0.013841628096997738,0.039417099207639694,0.0021204561926424503,-0.05703118070960045,-0.36630570888519287,-0.11758437752723694,-0.045612964779138565,0.10758693516254425,-0.04868755862116814,-0.06658316403627396,0.02428591623902321,-0.18492327630519867,-0.049871839582920074,0.09288989752531052,0.14782679080963135,-0.016523491591215134,-0.06836041063070297,0.19885019958019257,0.022013016045093536,-0.22062338888645172,0.07981662452220917,0.019515395164489746,0.22746458649635315,0.22313880920410156,0.020881757140159607,0.04417536407709122,-0.1935311108827591,0.13746723532676697,-0.12295176088809967,0.04076014831662178,0.18864932656288147,0.12052613496780396,0.07337918877601624,0.004170967731624842,-0.0751301646232605,0.04479966312646866,0.12536004185676575,-0.1470368653535843,-0.01949637196958065,0.14922656118869781,-0.10393756628036499,-0.0016074283048510551,-0.030676990747451782,0.1484871208667755,0.06157634034752846,-0.13551825284957886,-0.22110947966575623,0.12329185009002686,-0.132279172539711,-0.03796890377998352,0.04573284089565277,-0.1598334163427353,-0.16077445447444916,-0.2970653474330902,0.01762484759092331,0.43232426047325134,0.04413110017776489,-0.15798157453536987,0.08460522443056107,-0.08633974194526672,-0.04539775475859642,0.1253708153963089,0.18222551047801971,-0.023783791810274124,0.008033502846956253,-0.09459426254034042,0.025911549106240273,0.20918706059455872,-0.04850595071911812,0.004241056274622679,0.15511752665042877,-0.039683159440755844,0.11502966284751892,0.019217247143387794,0.05047638714313507,-0.08968694508075714,0.05437881126999855,-0.09288226068019867,-0.020810283720493317,-0.04695138335227966,-0.014408262446522713,0.026204785332083702,0.06419523060321808,-0.10350117832422256,0.13262183964252472,-0.005408944562077522,0.06400406360626221,0.044121235609054565,-0.0054670944809913635,-0.03370997682213783,-0.09362220019102097,0.06944289803504944,-0.23705896735191345,0.2038608342409134,0.21310590207576752,0.0724768415093422,0.08351446688175201,0.12600643932819366,0.11235442757606506,0.005058423615992069,0.00048169028013944626,-0.21971622109413147,0.021986398845911026,-0.00943847093731165,0.02223891019821167,0.05041307583451271,-0.01553841307759285
-0.08021234720945358,0.1296468824148178,0.12915462255477905,-0.07320539653301239,-0.04442569613456726,-0.05155779421329498,-0.06842824816703796,-0.10246527940034866,0.17159342765808105,-0.12855441868305206,0.3032579720020294,-0.014735380187630653,-0.1471826136112213,-0.13876670598983765,0.043231360614299774,0.11677725613117218,-0.1841043084859848,-0.08243949711322784,-0.0544390045106411,0.025670312345027924,0.06783589720726013,-0.00623334851115942,0.03374754264950752,0.042917340993881226,-0.08234009146690369,-0.4330921471118927,-0.14728912711143494,-0.09457466006278992,0.05409754812717438,-0.10308564454317093,-0.11473610997200012,-0.024412168189883232,-0.2343515008687973,-0.08931141346693039,-0.07416514307260513,0.0015071257948875427,-0.025045517832040787,-0.10533373057842255,0.10884452611207962,0.022762641310691833,-0.22857654094696045,0.03225572407245636,-0.05994439125061035,0.19446790218353271,0.18217742443084717,0.04392766207456589,0.03315325826406479,-0.11354951560497284,0.10644450783729553,-0.11556645482778549,0.041506897658109665,0.09805285185575485,0.10569478571414948,0.026108887046575546,-0.008941606618463993,-0.145491361618042,0.020239856094121933,0.07691474258899689,-0.17144398391246796,-0.0017192196100950241,0.04064411297440529,-0.14452628791332245,-0.004326607100665569,-0.01763281039893627,0.26628345251083374,0.113351970911026,-0.09088462591171265,-0.1567111313343048,0.14063875377178192,-0.05785670876502991,-0.0036789490841329098,0.05063293129205704,-0.13490459322929382,-0.16279029846191406,-0.29536136984825134,0.08924783766269684,0.40051281452178955,0.08079031854867935,-0.23737399280071259,0.006457811687141657,-0.23059484362602234,0.0018110447563230991,0.0739544928073883,0.131071999669075,-0.0645170658826828,0.03552592545747757,-0.15017037093639374,0.012495488859713078,0.18828947842121124,-0.04440661519765854,-0.024840403348207474,0.23947104811668396,-0.02753641828894615,0.10341724753379822,0.02767263352870941,-0.006906088441610336,-0.1412087231874466,0.043350812047719955,-0.08598393201828003,-0.02363145910203457,0.07090412825345993,-0.04834342375397682,-0.060289859771728516,0.1502905786037445,-0.20030108094215393,0.13495662808418274,0.04821721091866493,-0.011007376946508884,0.07058940082788467,-0.018570551648736,-0.07154113054275513,-0.13068318367004395,0.07701588422060013,-0.25879234075546265,0.18254229426383972,0.17368686199188232,0.12080186605453491,0.1980256289243698,0.10117542743682861,0.07798108458518982,-0.05291351303458214,-0.06623498350381851,-0.206372931599617,0.02413005195558071,0.144509956240654,0.017254145815968513,0.08240549266338348,0.0061271763406693935
-0.11138255894184113,0.003267294727265835,0.07004257291555405,-0.07013057917356491,-0.042036090046167374,-0.053355664014816284,-0.04560036212205887,-0.10118274390697479,0.07481566071510315,-0.1161731630563736,0.24001528322696686,-0.04008586332201958,-0.17548371851444244,-0.14651797711849213,-0.025606956332921982,0.1358395665884018,-0.15803728997707367,-0.12388567626476288,-0.00467134453356266,-0.02596539817750454,0.11281296610832214,-0.031547460705041885,0.013103900477290154,0.07474351674318314,-0.19372917711734772,-0.43587201833724976,-0.11911191791296005,-0.08008218556642532,-0.025777939707040787,-0.06591393798589706,-0.05712643638253212,0.1553473174571991,-0.15072330832481384,0.010888829827308655,-0.02955080382525921,0.1249864473938942,0.04850812628865242,-0.0034208260476589203,0.12078934907913208,0.054076679050922394,-0.2213611751794815,0.04910466820001602,0.02602435275912285,0.31315866112709045,0.25093093514442444,0.040834616869688034,0.07801352441310883,-0.04683937132358551,0.05967502295970917,-0.16286499798297882,0.0515681616961956,0.11798715591430664,0.06309659034013748,0.003865577280521393,0.038555994629859924,-0.12339571863412857,-0.002381047233939171,0.04322922229766846,-0.11094024777412415,0.061235181987285614,0.016788706183433533,-0.12227733433246613,0.0226197000592947,-0.026357663795351982,0.20398147404193878,0.049766506999731064,-0.14645519852638245,-0.07247282564640045,0.15654534101486206,-0.14673690497875214,-0.06207315996289253,-0.019131716340780258,-0.20275911688804626,-0.1687077134847641,-0.37421587109565735,0.03695772588253021,0.40747183561325073,0.11567769944667816,-0.23688143491744995,0.07306521385908127,-0.08655344694852829,0.025477027520537376,0.1965513527393341,0.1647171527147293,-0.024642614647746086,0.015078448690474033,-0.13421514630317688,0.03966103494167328,0.21059060096740723,0.0055831726640462875,-0.06499654054641724,0.21835282444953918,-0.01969805359840393,0.07153160870075226,0.06779057532548904,0.05928641930222511,-0.08310089260339737,0.026987485587596893,-0.13420844078063965,0.002339709550142288,0.020187968388199806,-0.09189894795417786,-0.023781675845384598,0.14530706405639648,-0.17225338518619537,0.12382772564888,0.03220175951719284,0.04385628178715706,0.02711041457951069,0.06297381222248077,-0.15059395134449005,-0.08844619989395142,0.08510872721672058,-0.23170505464076996,0.12638334929943085,0.2587231397628784,0.08806049078702927,0.14138242602348328,0.156391441822052,0.05513317510485649,-0.012112127617001534,-0.02919866517186165,-0.16952630877494812,0.019941698759794235,0.06743153184652328,-0.004119923338294029,0.07457711547613144,0.037306591868400574
-0.13626962900161743,0.11903274804353714,-0.02428518980741501,-0.0057462966069579124,-0.05939009040594101,-0.011567274108529091,-0.06877132505178452,-0.14894892275333405,0.13902856409549713,-0.07617393136024475,0.2920363247394562,-0.024073518812656403,-0.21598832309246063,-0.17946647107601166,-0.043400224298238754,0.14646540582180023,-0.22539836168289185,-0.07187771797180176,-0.037087518721818924,0.006123531609773636,0.0831068605184555,-0.020596690475940704,0.061120931059122086,0.07279191166162491,-0.06676961481571198,-0.3898281455039978,-0.07695144414901733,-0.1520569771528244,-0.0009575402364134789,-0.09113763272762299,-0.09634372591972351,0.030066076666116714,-0.19644641876220703,-0.084500752389431,-0.023944221436977386,0.07183131575584412,0.031758472323417664,0.03393794596195221,0.17086505889892578,-0.013724063523113728,-0.18099813163280487,-0.010699782520532608,0.04384954273700714,0.2611580491065979,0.2903401553630829,0.07027287781238556,0.009723935276269913,-0.09853197634220123,0.13945887982845306,-0.17822055518627167,0.04226277023553848,0.10716523230075836,0.14733295142650604,-0.016168251633644104,0.0018505300395190716,-0.12357469648122787,-0.05980046093463898,0.028208225965499878,-0.06433617323637009,0.0035563043784350157,0.06892477720975876,-0.11116050183773041,-0.0848807543516159,-0.01773643121123314,0.2656450867652893,0.046410590410232544,-0.12639978528022766,-0.14026401937007904,0.11821125447750092,-0.15567465126514435,-0.08620498329401016,0.04215340316295624,-0.1684822291135788,-0.17488178610801697,-0.3836847245693207,0.04320840537548065,0.4017619490623474,0.05982664227485657,-0.21095150709152222,0.052202578634023666,-0.10086710751056671,0.012174352072179317,0.13301539421081543,0.1647704839706421,-0.005805825814604759,0.010754875838756561,-0.14373375475406647,0.01817033626139164,0.19437247514724731,-0.09787886589765549,-0.03528054058551788,0.21498851478099823,-0.042479418218135834,0.11269193142652512,0.029640773311257362,0.04859241098165512,-0.03256477043032646,0.024256018921732903,-0.13285066187381744,0.000896776095032692,0.09513258934020996,-0.004048607312142849,-0.005877697840332985,0.09518907219171524,-0.15486016869544983,0.023480894044041634,-0.01255078800022602,0.05258721113204956,0.07968075573444366,-0.0710684210062027,-0.12565961480140686,-0.10153473168611526,0.12964178621768951,-0.2292245328426361,0.180288165807724,0.16678941249847412,0.024633236229419708,0.12135180085897446,0.11940418183803558,0.0840422511100769,0.0038418956100940704,0.004509068094193935,-0.21012389659881592,-0.01049827877432108,0.10945193469524384,-0.003299091011285782,0.05779474228620529,-0.035960689187049866
-0.0028759632259607315,0.17111679911613464,0.06482280045747757,-0.03198065981268883,-0.00020481855608522892,0.0010519924107939005,-0.16282974183559418,-0.10158577561378479,0.16264864802360535,-0.021875344216823578,0.2529826760292053,0.049790509045124054,-0.14926880598068237,-0.15187899768352509,0.012754140421748161,0.14397770166397095,-0.23149807751178741,-0.05419354885816574,-0.04650755226612091,-0.03854718059301376,0.022339366376399994,-0.005488931201398373,0.09477885812520981,0.01203291304409504,-0.06351280212402344,-0.3618204891681671,-0.1360487937927246,-0.10566543787717819,0.1384928822517395,-0.04847685992717743,-0.08809969574213028,0.02306477352976799,-0.17220771312713623,-0.12556156516075134,0.0964781865477562,0.06512133032083511,-0.010442575439810753,-0.051970794796943665,0.180315762758255,-0.015730910003185272,-0.0734204426407814,0.13259606063365936,0.012931397184729576,0.2497684359550476,0.18070480227470398,0.09187305718660355,0.06791680306196213,-0.08639048784971237,0.10064388811588287,-0.13800184428691864,0.08685609698295593,0.21197843551635742,0.050215717405080795,0.07389276474714279,0.08492276817560196,-0.14435896277427673,0.01569216325879097,0.1151382252573967,-0.1435817927122116,0.04175514727830887,0.0885440856218338,-0.0409560389816761,-0.06619668006896973,-0.07098208367824554,0.14922195672988892,0.09991567581892014,-0.09572570770978928,-0.20713365077972412,0.13514690101146698,-0.007305024191737175,-0.010291855782270432,0.030975881963968277,-0.1990075260400772,-0.13297365605831146,-0.23065440356731415,0.06793461740016937,0.40532156825065613,0.16792814433574677,-0.1900588870048523,0.05495668947696686,-0.12949812412261963,-0.025038259103894234,0.03125012665987015,0.022710364311933517,-0.021781910210847855,-0.04058831185102463,-0.06673260033130646,0.057921990752220154,0.10042782872915268,-0.009076187387108803,-0.015059834346175194,0.15843911468982697,-0.016963768750429153,0.08204641193151474,-0.020255979150533676,0.014519124291837215,-0.10203126817941666,0.025675710290670395,-0.20239315927028656,-0.0487370602786541,0.033188194036483765,-0.013295500539243221,0.012223867699503899,0.10966982692480087,-0.16168469190597534,0.10992864519357681,0.06276365369558334,-0.006204808596521616,0.03202176094055176,0.08943041414022446,-0.11407013982534409,-0.025360621511936188,0.1507931798696518,-0.2705762982368469,0.28583836555480957,0.21810445189476013,0.09713973850011826,0.1037108525633812,0.0957299992442131,0.10154729336500168,0.004951070994138718,-0.06282376497983932,-0.15750209987163544,-0.12408929318189621,-0.009627744555473328,0.04391557723283768,0.020997315645217896,0.01939404010772705
-0.1813773363828659,0.07130521535873413,0.13578197360038757,-0.0061206938698887825,-0.0438319556415081,-0.08901740610599518,-0.07919605076313019,-0.12720887362957,0.09870992600917816,-0.09399992227554321,0.26452744007110596,-0.08275477588176727,-0.21970996260643005,-0.11361446976661682,-0.05010908097028732,0.16836199164390564,-0.21853724122047424,-0.05186569318175316,-0.022581124678254128,0.023401226848363876,0.058789096772670746,0.01694987155497074,0.00730479508638382,0.027931323274970055,-0.1108447015285492,-0.414461612701416,-0.13602466881275177,-0.08939222991466522,0.009350951761007309,-0.006125551648437977,-0.10370487719774246,0.0033749600406736135,-0.1928587108850479,-0.10452710092067719,-0.0410485565662384,0.035353560000658035,-0.007937354035675526,-0.07320450991392136,0.127249613404274,-0.029517557471990585,-0.18082895874977112,0.0009475955739617348,0.03259623795747757,0.24442242085933685,0.19712185859680176,0.08277992159128189,0.060810692608356476,-0.1295359879732132,0.07429467141628265,-0.1845993846654892,0.043025463819503784,0.06332038342952728,0.14372800290584564,0.04130701720714569,-0.005906993523240089,-0.1781000792980194,0.009997531771659851,0.10379470139741898,-0.16693827509880066,0.01728859171271324,0.05362943559885025,-0.09889568388462067,0.04423557594418526,0.00014848599676042795,0.29590439796447754,0.06656105816364288,-0.11477303504943848,-0.06567337363958359,0.156946063041687,-0.10674036294221878,0.026947807520627975,-0.014758160337805748,-0.10515493899583817,-0.2180158644914627,-0.3591563403606415,0.08663459122180939,0.36221843957901,0.11051991581916809,-0.2126006782054901,0.04576359689235687,-0.12198106199502945,0.006328416056931019,0.13770821690559387,0.14136356115341187,-0.06035469472408295,0.016207050532102585,-0.1194533258676529,0.01001683808863163,0.19132576882839203,-0.06501968950033188,0.009516477584838867,0.22930991649627686,0.020503811538219452,0.024358505383133888,0.06006544455885887,0.002105201594531536,-0.10769928991794586,0.03683409094810486,-0.082694411277771,0.04740935564041138,0.08199581503868103,-0.027090827003121376,0.02774440497159958,0.1062711849808693,-0.15639778971672058,0.10642388463020325,0.01788039691746235,-0.03047199547290802,0.0467727929353714,-0.08588267117738724,-0.08189137279987335,-0.10034722834825516,0.11546606570482254,-0.2334522008895874,0.15118847787380219,0.1510561853647232,0.050233639776706696,0.25514599680900574,0.09283405542373657,0.0955677404999733,-0.03939199075102806,-0.006075786426663399,-0.16050022840499878,0.022125832736492157,0.17616795003414154,-0.029964841902256012,0.14593937993049622,0.036116741597652435
-0.13572543859481812,0.09416069090366364,0.05547149479389191,-0.010703939013183117,-0.18285146355628967,-0.1092682033777237,-0.07346309721469879,-0.16032637655735016,0.08841908723115921,-0.037786006927490234,0.2528737485408783,-0.10155369341373444,-0.13406622409820557,-0.07439745962619781,-0.0843234658241272,0.21692855656147003,-0.1926095187664032,-0.14244705438613892,-0.01857905648648739,-0.022659026086330414,-0.003631048370152712,-0.05792117863893509,-0.025592409074306488,0.1277388036251068,-0.0897628515958786,-0.33078691363334656,-0.08583424240350723,-0.13261201977729797,0.09345238655805588,-0.04885106906294823,-0.0867551863193512,0.09871529042720795,-0.1749093383550644,-0.12259910255670547,0.0046164896339178085,0.07878312468528748,0.004315679427236319,-0.003364812582731247,0.1676904261112213,-0.02848786488175392,-0.22836904227733612,0.06351954489946365,0.12158609926700592,0.26055076718330383,0.16592633724212646,0.04922867566347122,0.07694488763809204,-0.0940319374203682,0.029515963047742844,-0.12487318366765976,0.005553040653467178,0.1355646848678589,0.126814603805542,0.04940473288297653,-0.007420833222568035,-0.17928937077522278,0.000619230791926384,0.10083651542663574,-0.19238388538360596,0.08451090008020401,0.09604115039110184,0.010202674195170403,0.015634752810001373,-0.07986851781606674,0.3036070168018341,0.07340793311595917,-0.11488368362188339,-0.07400130480527878,0.1544138491153717,-0.16568297147750854,-0.0675525963306427,0.01615462452173233,-0.11626401543617249,-0.1730479896068573,-0.35918617248535156,0.007079100236296654,0.40574324131011963,0.14491687715053558,-0.18701761960983276,0.073155477643013,-0.07295756042003632,-0.06995033472776413,0.05415395274758339,0.10433120280504227,-0.07887537777423859,0.06638843566179276,-0.06589210778474808,-0.027076298370957375,0.15941092371940613,0.029259927570819855,0.0695544183254242,0.2254142463207245,0.02775450237095356,0.03474857658147812,0.028830621391534805,0.054687801748514175,-0.08857670426368713,-0.034505847841501236,-0.1171499490737915,-0.03227951377630234,-0.05631089210510254,-0.0943746343255043,0.04224543273448944,0.07868321239948273,-0.1923680156469345,0.08743581920862198,0.01965242065489292,0.045832112431526184,-0.0662325993180275,0.12537781894207,-0.06097712740302086,-0.09303759783506393,0.1780119389295578,-0.21396514773368835,0.1736365258693695,0.20844526588916779,0.06327589601278305,0.10803230851888657,0.1407565027475357,0.06317539513111115,-0.04954551160335541,-0.043892547488212585,-0.10245604068040848,0.002091059461236,0.07331722974777222,-0.16819976270198822,0.11075162142515182,0.11286869645118713
-0.17628878355026245,0.03216134011745453,0.06180814653635025,-0.044097162783145905,-0.07991482317447662,-0.12584862112998962,0.015374861657619476,-0.13478878140449524,0.13459646701812744,-0.12361070513725281,0.20086249709129333,-0.11145804822444916,-0.17213451862335205,-0.10545096546411514,-0.05853724852204323,0.21683110296726227,-0.15402944386005402,-0.1181521937251091,-0.04455838352441788,-0.02135220170021057,0.0836627185344696,-0.006965607404708862,-0.016711927950382233,0.08927503228187561,-0.05932028219103813,-0.37499547004699707,-0.13969293236732483,-0.09327109158039093,-0.018785186111927032,-0.04333440586924553,-0.0038700299337506294,0.07694009691476822,-0.19262105226516724,-0.04963844269514084,0.0016132835298776627,0.13709326088428497,-0.02382614277303219,-0.019977213814854622,0.16271749138832092,-0.04158461093902588,-0.23010951280593872,0.027169495820999146,0.07406190782785416,0.25564923882484436,0.17840705811977386,0.07373695820569992,0.008945873007178307,-0.07974088191986084,0.06701759994029999,-0.13965244591236115,-0.012882951647043228,0.08428101986646652,0.16634392738342285,0.009827842004597187,0.03680194914340973,-0.15790782868862152,0.03609039634466171,0.12350430339574814,-0.21851472556591034,0.02140870690345764,0.0527571365237236,-0.1286773830652237,-0.0046531325206160545,-0.03963211178779602,0.27149686217308044,0.07656989991664886,-0.1424976885318756,-0.07464461028575897,0.18246737122535706,-0.18846799433231354,0.019726518541574478,0.019352849572896957,-0.13048845529556274,-0.23548735678195953,-0.28619101643562317,0.045784346759319305,0.42516055703163147,0.14616265892982483,-0.18515713512897491,0.05467697232961655,-0.013494597747921944,0.01893632672727108,0.12941715121269226,0.16254383325576782,-0.06982293725013733,0.03382233530282974,-0.09909584373235703,0.013977155089378357,0.14135253429412842,-0.02701859548687935,0.004088289570063353,0.19851866364479065,-0.03884798660874367,0.057095810770988464,-0.0266751516610384,-0.08795616775751114,-0.059521935880184174,0.05476423725485802,-0.08658548444509506,0.013857965357601643,-0.005404194816946983,-0.07184835523366928,0.026783190667629242,0.0743681862950325,-0.12945760786533356,0.09239024668931961,-0.017129220068454742,0.010695801116526127,-0.06416849046945572,0.04250835254788399,-0.10485231876373291,-0.04162468761205673,0.12286818027496338,-0.22258220613002777,0.20079350471496582,0.1957141011953354,-0.03134288266301155,0.17708608508110046,0.10670197755098343,0.11204273998737335,0.007641954347491264,-0.029172955080866814,-0.20643354952335358,0.031427010893821716,0.15450488030910492,-0.08400546759366989,0.18223752081394196,0.014850227162241936
-0.057711441069841385,0.12316042929887772,0.10367137938737869,-0.012990429997444153,-0.08523617684841156,-0.1166175976395607,-0.0732487291097641,-0.13526935875415802,0.15546056628227234,-0.07414354383945465,0.28566238284111023,-0.09604666382074356,-0.2737003266811371,-0.09523637592792511,-0.02552821859717369,0.24097466468811035,-0.22398623824119568,-0.10648441314697266,-0.01730957441031933,0.018333742395043373,0.09889153391122818,0.03903639689087868,0.1027086079120636,0.054083652794361115,-0.0579485148191452,-0.4188588261604309,-0.09622770547866821,-0.07503056526184082,0.0490574836730957,-0.06450341641902924,-0.061607521027326584,0.10264310240745544,-0.1336023211479187,-0.07375277578830719,0.10203230381011963,0.07172662764787674,0.000614812015555799,-0.12719865143299103,0.1855878084897995,-0.04358968511223793,-0.28972122073173523,-0.0068441652692854404,0.09239225089550018,0.22406087815761566,0.13013209402561188,0.02299182489514351,0.04238162189722061,-0.20541027188301086,0.07722611725330353,-0.14252027869224548,-0.04174168407917023,0.14894142746925354,0.08243858069181442,0.04073690250515938,0.033417925238609314,-0.17171140015125275,0.024071384221315384,0.0867692232131958,-0.19894196093082428,-0.07637038826942444,0.108685202896595,-0.10406927764415741,0.003990884870290756,-0.12677201628684998,0.23426279425621033,0.05304135009646416,-0.14005465805530548,-0.15447118878364563,0.1221592128276825,-0.12801170349121094,-0.056040726602077484,0.07529404014348984,-0.13822408020496368,-0.1680481731891632,-0.29405859112739563,-0.0764073058962822,0.3674631416797638,0.050915177911520004,-0.19765013456344604,0.05903719365596771,-0.08922678232192993,-0.004756764974445105,0.06153954938054085,0.1946001499891281,0.005339698866009712,0.03756121173501015,-0.1017378568649292,-0.03806053847074509,0.16967667639255524,-0.14052145183086395,0.042002007365226746,0.1983279436826706,0.013341007754206657,0.09751258790493011,0.01796599291265011,0.011665414087474346,-0.12061238288879395,0.0477207787334919,-0.15394315123558044,0.005328284576535225,-0.07455914467573166,-0.035012468695640564,-0.003715081140398979,0.06950955092906952,-0.16706205904483795,0.05192486196756363,0.06952269375324249,-0.044874124228954315,0.046658892184495926,0.02421615645289421,-0.042667195200920105,-0.15533693134784698,0.08056304603815079,-0.30415141582489014,0.19825874269008636,0.20597822964191437,0.07155624032020569,0.17286737263202667,0.04883801192045212,0.15338249504566193,-0.039180487394332886,-0.061535030603408813,-0.13848592340946198,-0.022482553496956825,0.09558601677417755,-0.018384713679552078,0.005132024176418781,-0.04648556932806969
-0.11554401367902756,0.06604968011379242,0.06638455390930176,-0.06412302702665329,0.031115029007196426,-0.06324346363544464,-0.077656090259552,-0.08812610059976578,0.12145699560642242,-0.07782243192195892,0.26827937364578247,0.011210041120648384,-0.19085898995399475,-0.0987372025847435,-0.013938525691628456,0.06338411569595337,-0.248179629445076,-0.15067757666110992,-0.031233787536621094,-0.09699330478906631,0.027153655886650085,0.03779394552111626,0.04601377621293068,0.07768028974533081,-0.10310215502977371,-0.2880675792694092,-0.03888946771621704,-0.18551766872406006,0.028936583548784256,-0.07757912576198578,-0.024057574570178986,-0.022756706923246384,-0.17935949563980103,-0.06217178702354431,0.012246537953615189,0.018394220620393753,-0.029494550079107285,-0.06981614232063293,0.23524023592472076,0.008464501239359379,-0.10650057345628738,0.057722058147192,-0.01111162081360817,0.27688753604888916,0.18596084415912628,0.03995399922132492,-0.039114780724048615,-0.12558281421661377,0.11723056435585022,-0.2355780303478241,0.12235163897275925,0.17160630226135254,0.08308298140764236,0.0767335370182991,0.05733461678028107,-0.19875995814800262,0.017139984294772148,0.06845735758543015,-0.13623161613941193,0.08665763586759567,-0.02327304519712925,-0.02601580135524273,0.058149829506874084,-0.019432328641414642,0.24616673588752747,0.13946521282196045,-0.09734979271888733,-0.12840606272220612,0.1369641274213791,-0.10644905269145966,-0.12273412942886353,0.084321990609169,-0.11813627183437347,-0.14445708692073822,-0.2286176234483719,0.03952138498425484,0.32213059067726135,0.08995700627565384,-0.23108308017253876,0.02617061696946621,-0.13312499225139618,-0.037778016179800034,0.11977227032184601,0.10438063740730286,-0.09204255789518356,-0.02998516894876957,-0.06208086758852005,-0.026852618902921677,0.18240417540073395,0.054711148142814636,-0.14609622955322266,0.22993049025535583,-0.006403494626283646,0.07495388388633728,0.144593745470047,0.005861617624759674,-0.05402388051152229,0.006081628147512674,-0.17288129031658173,-0.026669766753911972,0.02407713793218136,-0.02910364791750908,-0.03993640094995499,0.13642248511314392,-0.1530986726284027,0.06594071537256241,0.02412283793091774,-0.013799570500850677,0.026692256331443787,0.0636889860033989,-0.07656674832105637,-0.0696897879242897,0.1105521097779274,-0.2798534035682678,0.2776508331298828,0.16569066047668457,0.142363041639328,0.1633833646774292,0.06774917244911194,0.004580804146826267,-0.01045303326100111,-0.019125457853078842,-0.17476782202720642,-0.010663030669093132,0.06469564139842987,0.0645037293434143,0.06597497314214706,0.052347466349601746
-0.11375176906585693,-0.015741709619760513,0.055706433951854706,0.006642519496381283,-0.0008986071916297078,-0.12649744749069214,0.02333792671561241,-0.1088605746626854,0.09706160426139832,-0.054739486426115036,0.288559228181839,-0.09089065343141556,-0.17530342936515808,-0.13552267849445343,-0.03764437511563301,0.13602539896965027,-0.1578451693058014,-0.029843419790267944,-0.020925700664520264,-0.01743372157216072,0.13689763844013214,-0.07052548974752426,0.04629168286919594,0.08522970229387283,-0.10679323971271515,-0.31607842445373535,-0.09150879085063934,-0.1493290364742279,-0.014006444253027439,-0.03832496330142021,-0.05847494676709175,0.12197195738554001,-0.1803467571735382,-0.10372404754161835,-0.05498332530260086,0.05465196073055267,-0.019632387906312943,-0.028021086007356644,0.17877499759197235,0.0011825663968920708,-0.18163292109966278,-0.05641377344727516,0.014963502995669842,0.24710391461849213,0.2014007717370987,0.016730239614844322,0.02391723357141018,-0.05459517985582352,0.10964765399694443,-0.22850416600704193,-0.007456522434949875,0.05809394270181656,0.17325273156166077,0.04204976558685303,0.019154254347085953,-0.07928916811943054,0.01363498717546463,0.10136578232049942,-0.15336094796657562,0.054886143654584885,-0.0024853479117155075,-0.11482658237218857,0.0005657756701111794,-0.0521235354244709,0.22289308905601501,0.09143105149269104,-0.11528512835502625,-0.010429395362734795,0.12728053331375122,-0.09925995767116547,-0.05272063985466957,0.0721762627363205,-0.1356295645236969,-0.24976836144924164,-0.3060227930545807,0.0564836785197258,0.38535335659980774,0.09444345533847809,-0.21984577178955078,-0.00575541565194726,-0.08183470368385315,-0.00831189937889576,0.18903274834156036,0.12659350037574768,0.003602510318160057,0.03204098343849182,-0.1079929992556572,-0.0038515636697411537,0.1747075915336609,-0.11567899584770203,-0.045080091804265976,0.2151196002960205,-0.04480069875717163,0.087376169860363,0.015583405271172523,0.012497566640377045,-0.024905547499656677,0.08592983335256577,-0.14403320848941803,0.012645114213228226,0.0746144950389862,-0.04262923449277878,-0.0006953519769012928,0.0335400328040123,-0.11699143052101135,0.026476450264453888,0.030436964705586433,0.0041947029531002045,0.03315723314881325,-0.06785566359758377,-0.13023187220096588,-0.06370697915554047,0.0875263586640358,-0.2016330361366272,0.1542307287454605,0.17458096146583557,0.0009692995809018612,0.14140792191028595,0.07450194656848907,0.046327635645866394,0.0003192508593201637,-0.06427361071109772,-0.1565244197845459,0.042020298540592194,0.19739316403865814,0.03247972950339317,0.048302508890628815,-0.06457622349262238
0.009367333725094795,0.13319064676761627,-0.015658773481845856,-0.06629079580307007,-0.09851662069559097,-0.06864592432975769,-0.10509005934000015,-0.13297004997730255,0.14914105832576752,-0.08926107734441757,0.2486710548400879,-0.03994282707571983,-0.22411303222179413,-0.09079614281654358,-0.06716255843639374,0.1899387538433075,-0.22573663294315338,-0.11536186933517456,-0.02842680551111698,0.0033757733181118965,0.05445946380496025,0.038020551204681396,0.04266463965177536,0.04206080734729767,-0.14900235831737518,-0.3375430405139923,-0.08795986324548721,-0.10531434416770935,-0.12034619599580765,-0.02997731603682041,-0.0761970728635788,0.08471343666315079,-0.12509365379810333,-0.03924021124839783,0.07256148755550385,0.011228141374886036,-0.040619611740112305,-0.05252598226070404,0.21063728630542755,0.036320872604846954,-0.2284972369670868,0.03715978190302849,0.0998503565788269,0.2773014307022095,0.1635017693042755,0.002755893627181649,0.03913950175046921,-0.14279407262802124,0.15697535872459412,-0.1638432741165161,0.028423409909009933,0.1681036353111267,0.12910312414169312,0.045202143490314484,-0.01432381197810173,-0.0976114273071289,-2.345908433198929e-05,0.18005333840847015,-0.20383089780807495,-0.013703498989343643,0.08706483244895935,-0.1165572926402092,-0.06735188513994217,-0.11765933036804199,0.26344698667526245,0.13642826676368713,-0.15947383642196655,-0.1603739857673645,0.07820355147123337,-0.13948608934879303,-0.13596327602863312,0.021040504798293114,-0.1686641275882721,-0.23101118206977844,-0.32684826850891113,-0.01901007443666458,0.2651975452899933,0.11543041467666626,-0.1890331506729126,0.03100106678903103,-0.05069021135568619,-0.008929584175348282,0.07949748635292053,0.17129573225975037,-0.011285318993031979,0.0418090894818306,-0.08534111082553864,-0.008466281928122044,0.23523454368114471,-0.1366722136735916,-0.01773882657289505,0.2480112910270691,-0.002856723964214325,0.07274375110864639,-0.02150312066078186,-0.0052810353226959705,-0.1039033904671669,0.025816606357693672,-0.14214034378528595,0.02937404438853264,-0.020302413031458855,-0.015855858102440834,-0.02514483407139778,0.09192533046007156,-0.16130156815052032,0.06888934224843979,0.002995555056259036,-0.015725823119282722,-0.0025694449432194233,-0.0593232735991478,-0.05047956481575966,-0.1505301296710968,0.10947886854410172,-0.22348736226558685,0.17125605046749115,0.13672448694705963,0.10595504194498062,0.15022552013397217,0.0778973326086998,0.039472028613090515,-0.04185439646244049,-0.05748285353183746,-0.21237753331661224,-0.008200006559491158,0.14406315982341766,0.0018978891894221306,0.08416107296943665,-0.03250525891780853
-0.06277157366275787,0.02034156396985054,0.05772871524095535,-0.046748530119657516,-0.03915465250611305,-0.05052831396460533,-0.008362838998436928,-0.20360952615737915,0.16288208961486816,-0.12877057492733002,0.31728699803352356,-0.08015652000904083,-0.10677388310432434,-0.13935935497283936,-0.021591830998659134,0.21692556142807007,-0.24973253905773163,-0.1506551206111908,-0.09747490286827087,-0.009658826515078545,0.027003953233361244,-0.082726389169693,0.010399159044027328,0.05260002985596657,-0.07656551897525787,-0.38342034816741943,-0.10662881284952164,-0.14004634320735931,0.03107219561934471,-0.032330095767974854,-0.03208184987306595,0.005762177985161543,-0.24150024354457855,-0.029629601165652275,-0.031906742602586746,0.060722820460796356,-0.07168855518102646,-0.11337786167860031,0.16970635950565338,0.007749080657958984,-0.17491742968559265,0.007853897288441658,-0.003528186120092869,0.15907925367355347,0.22161869704723358,0.041285350918769836,0.0471472404897213,-0.11539876461029053,0.13733042776584625,-0.1911572813987732,-0.020481843501329422,0.060328930616378784,0.11824370920658112,0.056347765028476715,-0.026598427444696426,-0.12070313096046448,0.012584988959133625,0.06356006115674973,-0.18131288886070251,0.03802276402711868,0.02239874005317688,-0.16958709061145782,-0.10534262657165527,-0.04585467278957367,0.2587735056877136,0.14511920511722565,-0.10073704272508621,-0.1216457262635231,0.19790752232074738,-0.11500038206577301,-0.03677241504192352,0.019952822476625443,-0.14121857285499573,-0.19547013938426971,-0.32235783338546753,-0.0005287881940603256,0.434813916683197,-0.0027892421931028366,-0.2120857536792755,-0.03936159610748291,-0.06777911633253098,0.04464561119675636,0.0950489267706871,0.14006628096103668,-0.001463916152715683,-0.02795981429517269,-0.1311718225479126,-0.005405924282968044,0.21872074902057648,-0.12553051114082336,-0.015490695834159851,0.19810496270656586,-0.09354166686534882,0.041513703763484955,-0.006142222788184881,0.0233723483979702,-0.01240294799208641,0.06904792785644531,-0.06606453657150269,0.0016392441466450691,0.07265564054250717,-0.006761729717254639,-0.030020326375961304,0.02928716316819191,-0.12438008189201355,0.0717376098036766,-0.009822883643209934,-0.002975441049784422,0.05229536443948746,-0.0875515565276146,-0.09866315126419067,-0.09085686504840851,0.1478547751903534,-0.22554072737693787,0.20949234068393707,0.2229606658220291,0.022885197773575783,0.15424396097660065,0.021497949957847595,0.1027427390217781,-0.06411266326904297,-0.02142905443906784,-0.2349364161491394,0.006612518802285194,0.05860411748290062,0.034905076026916504,0.01493410486727953,-0.013832386583089828
-0.12104669213294983,0.009207325987517834,0.12506556510925293,-0.025769919157028198,-0.06402962654829025,-0.023384928703308105,0.031667113304138184,-0.18129634857177734,0.11180388927459717,-0.08084659278392792,0.30029910802841187,0.013920065946877003,-0.1892518699169159,-0.012727529741823673,-0.012956919148564339,0.0999830961227417,-0.19173474609851837,-0.10245555639266968,-0.0716494545340538,-0.075803242623806,0.05500158295035362,-0.029952730983495712,0.010505243204534054,-0.047278475016355515,-0.11670102179050446,-0.37468498945236206,-0.14778682589530945,-0.0743238776922226,0.07904914021492004,-0.032227471470832825,0.059838227927684784,0.04467826709151268,-0.15719236433506012,0.022017227485775948,-0.008520588278770447,0.05773274600505829,-1.3980083167552948e-05,-0.03033268079161644,0.08918407559394836,-0.02034773677587509,-0.18870674073696136,0.029454972594976425,0.033719465136528015,0.24614359438419342,0.16072706878185272,0.07621736824512482,0.06207955256104469,-0.06326790153980255,0.03253498300909996,-0.13053388893604279,0.0452803373336792,0.06420836597681046,0.12052009254693985,0.014438821002840996,0.025339841842651367,-0.19143229722976685,-0.010898606851696968,0.04276499152183533,-0.15149036049842834,0.08946901559829712,0.11218849569559097,-0.12216056883335114,-0.03300745040178299,-0.05092253535985947,0.19032946228981018,0.08240566402673721,-0.15016970038414001,-0.1580212414264679,0.12039518356323242,-0.12059412151575089,-0.054782867431640625,-0.006353076081722975,-0.20219220221042633,-0.16872599720954895,-0.30712762475013733,0.027010299265384674,0.4981732666492462,0.06738174706697464,-0.17989134788513184,0.01979244500398636,-0.10241612046957016,0.05583709105849266,0.0915772020816803,0.13480189442634583,-0.03639354929327965,0.03252841904759407,-0.15677085518836975,0.008691850118339062,0.13746383786201477,-0.04622437804937363,-0.09171003103256226,0.1718219816684723,-0.08866403251886368,0.052946217358112335,-0.022236373275518417,0.04577942565083504,-0.13187530636787415,0.04756173491477966,-0.08894463628530502,-0.08535684645175934,-0.010362994857132435,-0.011535810306668282,0.023511188104748726,0.1020115464925766,-0.12742258608341217,0.2197011560201645,0.0014695266727358103,0.08336306363344193,0.02729593962430954,0.02811186946928501,-0.06707185506820679,-0.0362476222217083,0.12104985862970352,-0.2701222896575928,0.1695673018693924,0.2517019808292389,0.05773088335990906,0.15155266225337982,0.0903293564915657,0.05769789591431618,-0.01798238977789879,0.07842602580785751,-0.23176001012325287,-0.0009640512289479375,-0.03595346212387085,-0.05884653702378273,0.057536400854587555,0.049623042345047
-0.136153444647789,0.0470278300344944,0.03771369904279709,-0.04357569292187691,-0.12041200697422028,-0.09849310666322708,-0.08584130555391312,-0.08553902804851532,0.1980590522289276,-0.14000996947288513,0.2078472077846527,-0.10301513224840164,-0.09309253841638565,-0.0739813819527626,-0.043601226061582565,0.24426572024822235,-0.2077251374721527,-0.14279747009277344,-0.06593400239944458,-0.03616246208548546,0.06592202931642532,0.013794541358947754,0.02924838848412037,0.09245096147060394,-0.05561988055706024,-0.4311484694480896,-0.05098215490579605,-0.10822491347789764,0.012569653801620007,-0.0781380832195282,-0.021461009979248047,0.07967053353786469,-0.2001962810754776,-0.07529547810554504,0.021214766427874565,0.06962303817272186,0.001286489306949079,-0.10647454112768173,0.16149280965328217,-0.012694887816905975,-0.2619870901107788,0.021891862154006958,0.060527145862579346,0.24486622214317322,0.1436869502067566,0.03410563990473747,0.07335547357797623,-0.17435556650161743,0.0799468606710434,-0.1170177161693573,0.0016694795340299606,0.11675334721803665,0.04642432928085327,0.014181230217218399,0.023769546300172806,-0.13133971393108368,0.002567722462117672,0.108073890209198,-0.15348738431930542,-0.006844429299235344,0.08225169032812119,-0.03219413012266159,-0.0463840626180172,-0.14171302318572998,0.30702918767929077,0.11231113225221634,-0.10401394218206406,-0.18502099812030792,0.1162833422422409,-0.1149250715970993,-0.07709138840436935,0.010842456482350826,-0.1293017715215683,-0.20091518759727478,-0.2692493796348572,-0.009375009685754776,0.3116731643676758,0.054857268929481506,-0.1901169717311859,0.10172902047634125,-0.06441930681467056,-0.0318896621465683,0.05180632695555687,0.24027423560619354,0.010582560673356056,0.06698848307132721,-0.014294268563389778,-0.0031100502237677574,0.19142909348011017,-0.053525716066360474,0.01936577633023262,0.18297116458415985,-0.028073787689208984,-0.049779023975133896,-0.027261286973953247,-0.03558715060353279,-0.12379109859466553,0.09206762164831161,-0.11424092203378677,-0.046585798263549805,0.025106281042099,0.02396411821246147,-0.018275905400514603,0.04547092318534851,-0.20506753027439117,0.10500961542129517,-0.030707398429512978,-0.020271115005016327,0.019305981695652008,-0.01055812370032072,-0.04342091083526611,-0.08753944933414459,0.11192451417446136,-0.2047211080789566,0.20533370971679688,0.18279431760311127,0.12997868657112122,0.2224055379629135,0.0915360227227211,0.11651615798473358,0.02424631081521511,0.028688877820968628,-0.20646639168262482,0.038806311786174774,0.11281473934650421,-0.020269319415092468,0.05078595131635666,0.02355768159031868
-0.034380845725536346,0.039928942918777466,0.07006701827049255,-0.0994599312543869,-0.07785634696483612,-0.0011411188170313835,-0.1298825591802597,-0.13474969565868378,0.11486480385065079,-0.176484614610672,0.27416956424713135,-0.022538959980010986,-0.15510541200637817,-0.05221310257911682,-0.018474485725164413,0.1568034291267395,-0.1983030140399933,-0.09006529301404953,-0.02186666429042816,-0.03883407264947891,0.02277541719377041,-0.005927073769271374,0.025353973731398582,0.03334539383649826,-0.1400977075099945,-0.3112809360027313,-0.1412573605775833,-0.054228756576776505,0.039271727204322815,-0.026877306401729584,-0.0937320739030838,0.03651757538318634,-0.1798548549413681,0.019369658082723618,0.03661021962761879,0.1403866857290268,0.05718780681490898,0.022822735831141472,0.1171964481472969,-0.015212247148156166,-0.1956890970468521,0.03971727564930916,0.04359303414821625,0.22752703726291656,0.19480255246162415,0.043067384511232376,0.02543836273252964,-0.11681544035673141,0.13950131833553314,-0.14793655276298523,0.1306665986776352,0.07211743295192719,0.1477273404598236,0.053776104003190994,-0.01782584935426712,-0.1288663148880005,0.027363788336515427,0.1511518359184265,-0.1208304688334465,0.03531855717301369,0.10388091206550598,-0.04761644825339317,-0.008885322138667107,-0.013761417008936405,0.27159813046455383,0.1433809995651245,-0.15572361648082733,-0.22997787594795227,0.08329695463180542,-0.12853863835334778,-0.07983697950839996,0.0775480568408966,-0.19615593552589417,-0.10676674544811249,-0.37508198618888855,0.002972678281366825,0.46498093008995056,0.07206372171640396,-0.23608233034610748,0.0010613463819026947,-0.079542376101017,0.0037674657069146633,0.16779929399490356,0.10387839376926422,-0.046604521572589874,0.03073354810476303,-0.11343809217214584,0.048911526799201965,0.268405020236969,-0.06738220155239105,-0.087484210729599,0.14365319907665253,-0.011092910543084145,0.13585501909255981,0.005760652478784323,0.0736459344625473,-0.057864949107170105,-0.007461506873369217,-0.15889863669872284,-0.02717467211186886,-0.03207094594836235,0.02258903533220291,-0.04928797483444214,0.14546358585357666,-0.17710822820663452,0.2029351443052292,0.01880795881152153,0.006003387272357941,0.01434732973575592,0.06761887669563293,-0.1100979894399643,-0.08073415607213974,0.14615516364574432,-0.26628178358078003,0.15900562703609467,0.179984912276268,0.11067988723516464,0.10519634187221527,0.09055726230144501,0.07466813176870346,-0.02651873603463173,-0.005787760019302368,-0.1796397864818573,-0.012068585492670536,0.06478815525770187,-0.06650015711784363,0.13845308125019073,0.015518972650170326
-0.13543370366096497,0.0480305440723896,0.07347140461206436,0.016050703823566437,-0.15467950701713562,-0.04634930565953255,-0.09626080095767975,-0.09384997189044952,0.08074221760034561,-0.11146484315395355,0.14115484058856964,-0.022048505023121834,-0.1293255239725113,-0.06843101233243942,-0.05955745652318001,0.17683343589305878,-0.16267523169517517,-0.12375715374946594,-0.07988466322422028,-0.04100246727466583,0.031142856925725937,0.02286846935749054,0.06027000769972801,-0.010328259319067001,-0.17368486523628235,-0.3638690710067749,-0.06492560356855392,-0.08850640058517456,0.04149554669857025,0.0030173887498676777,-0.08298559486865997,0.0685419887304306,-0.13657687604427338,-0.046060673892498016,0.03862159699201584,0.14961721003055573,-0.005074086599051952,-0.010905331932008266,0.183474600315094,-0.013573897071182728,-0.21910840272903442,0.001380245666950941,0.05514555424451828,0.26219460368156433,0.23414990305900574,0.06655234098434448,0.06624887883663177,-0.09812616556882858,0.13687530159950256,-0.1811615228652954,0.03845740854740143,0.12178167700767517,0.06129954755306244,0.06691808253526688,0.005666201468557119,-0.09779439121484756,0.06834425032138824,0.09063635766506195,-0.08759303390979767,0.013537557795643806,0.10266222804784775,-0.10608391463756561,-0.03017701953649521,-0.059369999915361404,0.24362562596797943,0.041413564234972,-0.0991271436214447,-0.150899738073349,0.10679435729980469,-0.16135241091251373,-0.08284716308116913,-0.00554435420781374,-0.15015263855457306,-0.10918613523244858,-0.36351731419563293,-0.031450603157281876,0.4209156036376953,0.12014969438314438,-0.17077817022800446,0.03201085329055786,-0.045339833945035934,-0.004316039849072695,0.12889890372753143,0.15460065007209778,-0.05746337026357651,-0.0031517399474978447,-0.10924976319074631,0.010573621839284897,0.229155033826828,-0.07683546841144562,-0.004235547501593828,0.13958683609962463,0.04650875926017761,0.08940909802913666,0.01027455274015665,0.04020772874355316,-0.1299746334552765,0.05169360712170601,-0.07512224465608597,0.008349726907908916,0.09388157725334167,-0.035921599715948105,0.0587460957467556,0.12490863353013992,-0.14342257380485535,0.17662674188613892,-0.05324754863977432,0.07899995148181915,0.07776572555303574,0.0007828644011169672,-0.10507862269878387,-0.08913885802030563,0.14943252503871918,-0.1282479465007782,0.14295358955860138,0.22179211676120758,0.026066884398460388,0.12784327566623688,0.16640573740005493,0.11221466958522797,-0.05131351202726364,0.10211304575204849,-0.2165483832359314,-0.020756209269165993,0.045139070600271225,-0.07188002020120621,0.07414388656616211,0.06939053535461426
-0.07539437711238861,0.05334874615073204,0.05412161350250244,-0.05334498733282089,-0.04386269673705101,-0.060920167714357376,-0.06061757728457451,-0.1565871685743332,0.15520603954792023,-0.11028195172548294,0.30858856439590454,-0.10444929450750351,-0.21537554264068604,-0.09437783807516098,-0.05988934263586998,0.18304722011089325,-0.20839042961597443,-0.08438589423894882,-0.04074966162443161,-0.01773468405008316,0.1075717955827713,-0.016595451161265373,0.07074988633394241,0.04073553904891014,-0.04710762947797775,-0.3503001034259796,-0.087031789124012,-0.08530929684638977,0.07779797911643982,-0.026189681142568588,-0.13023723661899567,-0.03727433830499649,-0.2423831820487976,-0.09911605715751648,0.00761627871543169,0.06174630671739578,-0.045544691383838654,-0.11612441390752792,0.151284322142601,-0.020232005044817924,-0.18432769179344177,0.01540207490324974,0.051065534353256226,0.19015464186668396,0.1662767380475998,0.09586768597364426,0.0034782104194164276,-0.16256870329380035,0.0856856182217598,-0.17820213735103607,0.04629058018326759,0.0813838392496109,0.12491492182016373,0.0004997123032808304,0.02870984375476837,-0.13830792903900146,-0.017652446404099464,0.12499521672725677,-0.12049516290426254,0.06851984560489655,0.08256556838750839,-0.04830087348818779,-0.02045397460460663,-0.10616122931241989,0.2644260823726654,0.08110331743955612,-0.15191571414470673,-0.08626328408718109,0.09225068986415863,-0.08472257852554321,-0.055271219462156296,0.04617501422762871,-0.1114645004272461,-0.20768648386001587,-0.3006148636341095,0.0007904600352048874,0.4398350417613983,0.05848468840122223,-0.21078963577747345,-0.004325485788285732,-0.055826008319854736,-0.0026203198358416557,0.16868674755096436,0.14656727015972137,-0.011810677126049995,0.021354123950004578,-0.13841138780117035,-0.007936560548841953,0.21908330917358398,-0.1139988973736763,-0.040208034217357635,0.2209586650133133,-0.06796427071094513,0.09348095953464508,-0.025793034583330154,0.050606418401002884,-0.09443370997905731,0.04648704081773758,-0.14125503599643707,-0.03787160664796829,0.0660916343331337,-0.010874347761273384,-0.041830845177173615,0.07004408538341522,-0.1285986304283142,0.006589357275515795,0.025694414973258972,-0.016048403456807137,0.06595923006534576,-0.05194578692317009,-0.11036790162324905,-0.08752638101577759,0.08663886040449142,-0.24507178366184235,0.19081133604049683,0.19456562399864197,0.09257598221302032,0.14177478849887848,0.10622916370630264,0.04914424195885658,0.03770393133163452,-0.025816302746534348,-0.1992347091436386,-0.03606491908431053,0.09385973960161209,0.011114687658846378,0.11374824494123459,-0.014199810102581978
-0.17746594548225403,0.03937209025025368,0.10710064321756363,-0.0736568495631218,-0.17275704443454742,-0.07636887580156326,-0.11882348358631134,-0.12432397902011871,0.1591137945652008,-0.14185918867588043,0.2184889167547226,-0.0877106636762619,-0.2128598392009735,-0.050270214676856995,-0.056002177298069,0.20773428678512573,-0.20485873520374298,-0.13975028693675995,0.0854957178235054,0.012205163016915321,0.06032593548297882,0.009165865369141102,0.07124865055084229,0.04092831164598465,-0.12604880332946777,-0.4093458354473114,-0.09468124061822891,-0.15180762112140656,-0.0642518475651741,0.0031147291883826256,-0.07153263688087463,0.08235533535480499,-0.19465817511081696,-0.0588863343000412,0.04735437408089638,0.11476249992847443,-0.021521909162402153,-0.08252988755702972,0.1546904295682907,0.0028262920677661896,-0.2574746608734131,-0.08975270390510559,0.11935825645923615,0.18028445541858673,0.0927562415599823,0.022684434428811073,0.022755665704607964,-0.14342638850212097,0.1277211606502533,-0.18090343475341797,0.03339236229658127,0.10209426283836365,0.08862625062465668,0.036265287548303604,0.08820820599794388,-0.12565743923187256,0.10267820954322815,0.10540860146284103,-0.18196633458137512,0.022504102438688278,0.1019544005393982,-0.03871627897024155,0.0035636918619275093,-0.0839843824505806,0.32529741525650024,0.1598963886499405,-0.06895889341831207,-0.13754522800445557,0.1651466339826584,-0.06358111649751663,-0.10691925883293152,0.10238632559776306,-0.16879546642303467,-0.17733512818813324,-0.2838762700557709,-0.057214051485061646,0.3616805672645569,0.08941828459501266,-0.1218680888414383,0.00621284544467926,-0.04601584002375603,-0.03939564898610115,0.07804454863071442,0.17298778891563416,-0.012322396971285343,0.03787670284509659,-0.05152463912963867,0.0015382058918476105,0.21125252544879913,-0.06860311329364777,-0.00025050854310393333,0.1874953806400299,-0.012465049512684345,0.09929773211479187,0.00851813517510891,-0.005152676720172167,-0.10545878112316132,0.027849314734339714,-0.15524786710739136,-0.04987749084830284,0.008490482345223427,-0.003778671845793724,-0.01232148427516222,0.13179334998130798,-0.18850837647914886,-0.017013447359204292,-0.020850880071520805,-0.061270538717508316,-0.0126799950376153,-0.005343989934772253,-0.04239325225353241,-0.07078476995229721,0.0574398972094059,-0.21884140372276306,0.21150480210781097,0.13471153378486633,0.0657792016863823,0.13547717034816742,0.04327238351106644,0.020704731345176697,-0.027478227391839027,-0.07643632590770721,-0.17372098565101624,-0.0067534963600337505,0.12372169643640518,-0.04752299562096596,0.04381237179040909,-0.0029820543713867664
-0.06942223757505417,0.09294037520885468,0.11061114072799683,0.004324903711676598,-0.1332680881023407,-0.03543691709637642,-0.12248160690069199,-0.12464307993650436,0.12131659686565399,-0.09652098268270493,0.3132787048816681,-0.04176145792007446,-0.21033769845962524,-0.18956080079078674,-0.04155527800321579,0.15199869871139526,-0.17625771462917328,-0.12326373159885406,0.006715837866067886,-0.022216707468032837,0.06369395554065704,-0.012250883504748344,0.062320973724126816,-0.0095897875726223,-0.11199317127466202,-0.41973134875297546,-0.016833696514368057,-0.1706170290708542,0.03633434325456619,-0.0899883508682251,-0.09927046298980713,0.09557586163282394,-0.184163898229599,-0.06979359686374664,-0.021429046988487244,0.051207661628723145,0.034076251089572906,0.007156522013247013,0.13047203421592712,-0.05205283686518669,-0.21444164216518402,0.022871026769280434,-0.024650882929563522,0.17324766516685486,0.20271553099155426,0.0521722286939621,0.020342566072940826,-0.16787317395210266,0.14069540798664093,-0.18930672109127045,0.09267030656337738,0.11870016157627106,0.11757443845272064,-0.026286374777555466,0.07978327572345734,-0.1595429629087448,0.004663764499127865,0.11433899402618408,-0.18020839989185333,0.03378726541996002,0.04161817580461502,-0.06416970491409302,-0.058398548513650894,-0.0782996192574501,0.2304888665676117,0.06774579733610153,-0.06482367217540741,-0.07420429587364197,0.1649492233991623,-0.07898031175136566,-0.048404596745967865,0.06778514385223389,-0.10133501887321472,-0.19042974710464478,-0.2992343306541443,0.025649363175034523,0.3172624111175537,0.09916037321090698,-0.30854639410972595,0.03490789234638214,-0.046630945056676865,0.011088985949754715,0.13226769864559174,0.08437731862068176,-0.044362157583236694,-0.01775471493601799,-0.13034509122371674,-0.06236352026462555,0.13069136440753937,-0.049107737839221954,0.03436248004436493,0.2768722474575043,-0.02378801442682743,0.07983949035406113,0.08239391446113586,0.01750371605157852,-0.09176679700613022,0.01724216714501381,-0.15165352821350098,-0.07042411714792252,0.08475909382104874,-0.07879853248596191,-0.06523546576499939,0.05725535750389099,-0.19705580174922943,0.05188976228237152,-0.03853530436754227,0.03141620755195618,0.07452012598514557,-0.1098756343126297,0.0033732466399669647,-0.06505034118890762,0.15163709223270416,-0.24639101326465607,0.20586907863616943,0.14697806537151337,0.06808098405599594,0.20946240425109863,0.08991782367229462,0.04673203453421593,-0.045204829424619675,-0.12252826243638992,-0.2120753973722458,-0.013848057948052883,0.1333446502685547,-0.10142116993665695,-0.0013094590976834297,0.013686924241483212
-0.08425919711589813,0.11865179240703583,0.01792297139763832,0.017602724954485893,0.06251221150159836,-0.11592594534158707,0.015509314835071564,-0.16751255095005035,0.20364750921726227,-0.04768770933151245,0.2659718096256256,-0.024766862392425537,-0.11247366666793823,-0.20150169730186462,0.035450682044029236,0.13343989849090576,-0.22772438824176788,-0.130924791097641,-0.07213782519102097,-0.03584355115890503,0.09826149046421051,-0.057923220098018646,0.14512905478477478,0.04658733680844307,-0.11527462303638458,-0.370834618806839,-0.12042376399040222,-0.13811665773391724,0.10403712838888168,0.0013803521869704127,0.019114898517727852,0.011694214306771755,-0.21696420013904572,-0.11524632573127747,-0.013781038112938404,0.02768780291080475,0.02901875600218773,-0.01606961339712143,0.230077862739563,0.008823363110423088,-0.1538766622543335,-0.0264640711247921,-0.018094327300786972,0.287615567445755,0.19523556530475616,0.07774119079113007,0.0557786300778389,-0.08490253984928131,0.07258286327123642,-0.15621942281723022,0.029844515025615692,0.1198268011212349,0.04133573919534683,0.023534970358014107,0.004380746278911829,-0.045488227158784866,0.019441915675997734,0.027153685688972473,-0.19128373265266418,0.038889940828084946,0.09438324719667435,-0.0721631869673729,-0.10579001158475876,-0.019407304003834724,0.20519374310970306,0.08862518519163132,-0.07832474261522293,-0.17187735438346863,0.12556570768356323,-0.14657558500766754,-0.06378190964460373,0.05089659243822098,-0.1553795337677002,-0.15275010466575623,-0.35620322823524475,0.0014545656740665436,0.45199427008628845,0.039753708988428116,-0.14779451489448547,0.02185237966477871,-0.11311846226453781,0.021348891779780388,0.14245076477527618,0.1003546267747879,-0.024292152374982834,0.021234970539808273,-0.13947689533233643,0.032506220042705536,0.15710733830928802,-0.08053349703550339,-0.10341161489486694,0.17764154076576233,-0.033544231206178665,0.0632820650935173,-0.010257944464683533,0.042893294245004654,-0.019075877964496613,0.10830150544643402,-0.14512988924980164,0.012255769222974777,0.11706212162971497,0.058101676404476166,0.021939991042017937,0.06808971613645554,-0.12110534310340881,0.06210655719041824,0.04677858203649521,0.007801619358360767,0.07085733115673065,0.03383443504571915,-0.1728825718164444,-0.1501893550157547,0.09519661217927933,-0.20674720406532288,0.18045522272586823,0.24766691029071808,0.01922604814171791,0.09350217878818512,0.05370677635073662,0.10698205232620239,-0.0032159313559532166,0.05078514665365219,-0.17566229403018951,-0.010438292287290096,0.02966548129916191,0.06825127452611923,0.02850799262523651,-0.006833795458078384
-0.16601316630840302,0.062321070581674576,0.009513793513178825,-0.0354374535381794,-0.06732177734375,-0.044068124145269394,-0.0300339013338089,-0.17532968521118164,0.09142497926950455,-0.10925061255693436,0.19348610937595367,-0.10081204026937485,-0.178630530834198,-0.11636274307966232,-0.022041866555809975,0.1426357924938202,-0.12202206999063492,-0.1371091902256012,-0.1176409125328064,-0.0070707909762859344,0.022076644003391266,-0.06259797513484955,-0.022508978843688965,0.04523414373397827,-0.00662514753639698,-0.3721492290496826,-0.1078808605670929,-0.08885322511196136,0.03380853682756424,-0.033242836594581604,-0.11008758842945099,-0.017877247184515,-0.21434485912322998,-0.07764968276023865,-0.03753741830587387,0.09684575349092484,-0.008403096348047256,-0.03947240859270096,0.1359911859035492,-0.036948803812265396,-0.23689952492713928,0.01932012289762497,0.07505570352077484,0.20426522195339203,0.2260953187942505,0.07493472844362259,-0.014659643173217773,-0.036906834691762924,0.1005043163895607,-0.1521139144897461,0.028807446360588074,0.11379463970661163,0.16319800913333893,0.00407343590632081,0.053172219544649124,-0.15055963397026062,-0.0017240606248378754,0.08062843978404999,-0.12751781940460205,0.01007922925055027,0.04941508173942566,-0.07042212039232254,-0.043183404952287674,-0.05716720595955849,0.2535094916820526,0.11421297490596771,-0.1137423887848854,-0.13832449913024902,0.11507603526115417,-0.15611723065376282,-0.006127850618213415,0.006369666196405888,-0.1425398737192154,-0.19255875051021576,-0.30345332622528076,0.08566451072692871,0.3787113428115845,0.10336616635322571,-0.18147993087768555,0.053560055792331696,-0.062078531831502914,-0.019171463325619698,0.13200311362743378,0.09933529794216156,-0.0375959612429142,0.022827114909887314,-0.11711050570011139,-0.04354754462838173,0.18611474335193634,-0.045042894780635834,-0.010790984146296978,0.15329158306121826,-0.08785809576511383,0.017447784543037415,-0.017543688416481018,0.021150091663002968,-0.08235453814268112,0.03601599484682083,-0.09274668991565704,-0.0076333750039339066,0.08650267869234085,-0.07916131615638733,-0.01296962983906269,0.07122582942247391,-0.16318932175636292,0.04105149954557419,-0.021641533821821213,0.049712926149368286,0.008742745965719223,-0.039588384330272675,-0.10608011484146118,-0.04746129736304283,0.11739499866962433,-0.22037242352962494,0.21127161383628845,0.1898675560951233,-0.009996103122830391,0.11376812309026718,0.14115987718105316,0.05270054191350937,0.03542405366897583,0.0369577556848526,-0.196402445435524,-0.05431343987584114,0.10892674326896667,-0.027161994948983192,0.07979010045528412,0.029595084488391876
